headerdatestamp|headeridentifier|headersetSpec|metadata.mods.genre#text|metadata.mods.genre@authority|metadata.mods.identifier#text|metadata.mods.identifier@type|metadata.mods.location.url.0#text|metadata.mods.location.url.0@access|metadata.mods.location.url.0@usage|metadata.mods.location.url.1#text|metadata.mods.location.url.1@access|metadata.mods.name.role.roleTerm#text|metadata.mods.name.role.roleTerm@type|metadata.mods.namenamePart|metadata.mods.note.0|metadata.mods.note.1|metadata.mods.note.1#text|metadata.mods.note.1@displayLabel|metadata.mods.note.2#text|metadata.mods.note.2@displayLabel|metadata.mods.originInfodateOther|metadata.mods.physicalDescriptioninternetMediaType|metadata.mods.subject.0topic|metadata.mods.subject.1topic|metadata.mods.subject.2topic|metadata.mods.subject.3topic|metadata.mods.subject.4topic|metadata.mods.subject.5topic|metadata.mods.subject.6topic|metadata.mods.subject.7topic|metadata.mods.subjecttopic|metadata.mods.titleInfotitle|metadata.mods@version|metadata.mods@xmlns|metadata.mods@xmlns:xlink|metadata.mods@xmlns:xsi|metadata.mods@xsi:schemaLocation|metadata.modsaccessCondition|metadata.modstypeOfResource
2020-08-11T23:30:48Z|kintner_39|kintner|image|dct|7764-7765|issn|https://digital.lib.utk.edu/collections/islandora/object/kintner%3A39|object in context|primary display|https://digital.lib.utk.edu/collections/islandora/object/kintner%3A39/datastream/TN/view|preview|creator|text|Elgin P. Kintner, M.D.|"From High Rocks to Fontana Lake / ""30 Jul hiked from Forney Creek back to dam."""|    |This object was added to the Digital Preservation Network in November 2017.|dpn|    |    |1975 July 30|image/jpeg|High Rocks|Fontana Lake|    |    |    |    |    |    |    |View from High Rocks to Fontana Lake|3.2|http://www.loc.gov/mods/v3|http://www.w3.org/1999/xlink|http://www.w3.org/2001/XMLSchema-instance|http://www.loc.gov/mods/v3 http://www.loc.gov/standards/mods/v3/mods-3-2.xsd|Images in the collection are protected by copyright. Contact smokies@utk.edu for permission to reproduce images from the collection.|still image
2020-08-11T23:30:48Z|kintner_4|kintner|image|dct|1356-1358|issn|https://digital.lib.utk.edu/collections/islandora/object/kintner%3A4|object in context|primary display|https://digital.lib.utk.edu/collections/islandora/object/kintner%3A4/datastream/TN/view|preview|creator|text|Elgin P. Kintner, M.D.|uncaptioned|    |This object was added to the Digital Preservation Network in November 2017.|dpn|    |    |circa 1968|image/jpeg|    |    |    |    |    |    |    |    |    |Panorama taken from an unidentified fire tower|3.2|http://www.loc.gov/mods/v3|http://www.w3.org/1999/xlink|http://www.w3.org/2001/XMLSchema-instance|http://www.loc.gov/mods/v3 http://www.loc.gov/standards/mods/v3/mods-3-2.xsd|Images in the collection are protected by copyright. Contact smokies@utk.edu for permission to reproduce images from the collection.|still image
2020-08-11T23:30:48Z|kintner_56|kintner|image|dct|6949-6950|issn|https://digital.lib.utk.edu/collections/islandora/object/kintner%3A56|object in context|primary display|https://digital.lib.utk.edu/collections/islandora/object/kintner%3A56/datastream/TN/view|preview|creator|text|Elgin P. Kintner, M.D.|Telephoto shot of Parson Bald from Gregory|Two frame telephoto panorama with a view of Parson Bald from Gregory Bald.|    |    |This object was added to the Digital Preservation Network in November 2017.|dpn|1974 December 10|image/jpeg|Parson Bald|Gregory Bald|    |    |    |    |    |    |    |Telephoto shot of Parson Bald|3.2|http://www.loc.gov/mods/v3|http://www.w3.org/1999/xlink|http://www.w3.org/2001/XMLSchema-instance|http://www.loc.gov/mods/v3 http://www.loc.gov/standards/mods/v3/mods-3-2.xsd|Images in the collection are protected by copyright. Contact smokies@utk.edu for permission to reproduce images from the collection.|still image
2020-08-11T23:30:48Z|kintner_12|kintner|image|dct|3711-3713-annotated|local|https://digital.lib.utk.edu/collections/islandora/object/kintner%3A12|object in context|primary display|https://digital.lib.utk.edu/collections/islandora/object/kintner%3A12/datastream/TN/view|preview|creator|text|Elgin P. Kintner, M.D.|From Cove Mountain Looking Southeast: Mt Le Conte, Bull Head, Newfound Gap, and Mt Mingus.|Panorama taken looking Southeast from the Cove Mountain Fire Tower, which is still standing, viewing Rocky Spur on the left and Mount Mingus on the right.|    |    |This object was added to the Digital Preservation Network in November 2017.|dpn|February 20, 1972|image/jpeg|Cove Mountain|Mount Le Conte|Bullhead|Newfound Gap|Mount Mingus|Rocky Spur|Cove Mountain|Annotated|    |Looking Southeast from Cove Mountain ? Annotated|3.2|http://www.loc.gov/mods/v3|http://www.w3.org/1999/xlink|http://www.w3.org/2001/XMLSchema-instance|http://www.loc.gov/mods/v3 http://www.loc.gov/standards/mods/v3/mods-3-2.xsd|Images in the collection are protected by copyright. Contact smokies@utk.edu for permission to reproduce images from the collection.|still image
2020-08-11T23:30:48Z|kintner_26|kintner|image|dct|6257-6264|issn|https://digital.lib.utk.edu/collections/islandora/object/kintner%3A26|object in context|primary display|https://digital.lib.utk.edu/collections/islandora/object/kintner%3A26/datastream/TN/view|preview|creator|text|Elgin P. Kintner, M.D.|Hike to Shuckstack where there was a little frost.|Panorama taken looking West from the Shuckstack Fire Tower, which is still standing.|    |    |This object was added to the Digital Preservation Network in November 2017.|dpn|February 23, 1974|image/jpeg|Shuckstack|Snow and ice|    |    |    |    |    |    |    |View of Little Shuckstack|3.2|http://www.loc.gov/mods/v3|http://www.w3.org/1999/xlink|http://www.w3.org/2001/XMLSchema-instance|http://www.loc.gov/mods/v3 http://www.loc.gov/standards/mods/v3/mods-3-2.xsd|Images in the collection are protected by copyright. Contact smokies@utk.edu for permission to reproduce images from the collection.|still image
2020-08-11T23:30:48Z|kintner_5|kintner|image|dct|1357-1358|issn|https://digital.lib.utk.edu/collections/islandora/object/kintner%3A5|object in context|primary display|https://digital.lib.utk.edu/collections/islandora/object/kintner%3A5/datastream/TN/view|preview|creator|text|Elgin P. Kintner, M.D.|We had lunch on top of Hangover.  You can see Clingmans Dome, 30 miles away!|    |This object was added to the Digital Preservation Network in November 2017.|dpn|    |    |February 1981|image/jpeg|    |    |    |    |    |    |    |    |Clingmans Dome|On top of the Hangover|3.2|http://www.loc.gov/mods/v3|http://www.w3.org/1999/xlink|http://www.w3.org/2001/XMLSchema-instance|http://www.loc.gov/mods/v3 http://www.loc.gov/standards/mods/v3/mods-3-2.xsd|Images in the collection are protected by copyright. Contact smokies@utk.edu for permission to reproduce images from the collection.|still image
2020-08-11T23:30:48Z|kintner_13|kintner|image|dct|3711-3713|issn|https://digital.lib.utk.edu/collections/islandora/object/kintner%3A13|object in context|primary display|https://digital.lib.utk.edu/collections/islandora/object/kintner%3A13/datastream/TN/view|preview|creator|text|Elgin P. Kintner, M.D.|From Cove Mountain Looking Southeast: Mt Le Conte, Bull Head, Newfound Gap, and Mt Mingus.|Panorama taken looking Southeast from the Cove Mountain Fire Tower, which is still standing, viewing Rocky Spur on the left and Mount Mingus on the right.|    |    |This object was added to the Digital Preservation Network in November 2017.|dpn|February 20, 1972|image/jpeg|Cove Mountain|Mount Le Conte|Bullhead|Newfound Gap|Mount Mingus|Rocky Spur|Cove Mountain|    |    |Looking Southeast from Cove Mountain|3.2|http://www.loc.gov/mods/v3|http://www.w3.org/1999/xlink|http://www.w3.org/2001/XMLSchema-instance|http://www.loc.gov/mods/v3 http://www.loc.gov/standards/mods/v3/mods-3-2.xsd|Images in the collection are protected by copyright. Contact smokies@utk.edu for permission to reproduce images from the collection.|still image
2020-08-11T23:30:48Z|kintner_34|kintner|image|dct|7721-7723|issn|https://digital.lib.utk.edu/collections/islandora/object/kintner%3A34|object in context|primary display|https://digital.lib.utk.edu/collections/islandora/object/kintner%3A34/datastream/TN/view|preview|creator|text|Elgin P. Kintner, M.D.|"Early morning on Kephart Prong / ""23 Jul 1975, Kephart Pr Sweat Heifer, AT, Richland Mtn, Grassy Br."""|    |This object was added to the Digital Preservation Network in November 2017.|dpn|    |    |1975 July 23|image/jpeg|    |    |    |    |    |    |    |    |Kephart Prong|Early morning on Kephart Prong|3.2|http://www.loc.gov/mods/v3|http://www.w3.org/1999/xlink|http://www.w3.org/2001/XMLSchema-instance|http://www.loc.gov/mods/v3 http://www.loc.gov/standards/mods/v3/mods-3-2.xsd|Images in the collection are protected by copyright. Contact smokies@utk.edu for permission to reproduce images from the collection.|still image
2020-08-11T23:30:48Z|kintner_47|kintner|image|dct|8391-8392|issn|https://digital.lib.utk.edu/collections/islandora/object/kintner%3A47|object in context|primary display|https://digital.lib.utk.edu/collections/islandora/object/kintner%3A47/datastream/TN/view|preview|creator|text|Elgin P. Kintner, M.D.|"Clingman's Dome from Thomas Divide Trail / ""9 Feb 1976 hiked Newton Bald, Thomas Divide"""|    |This object was added to the Digital Preservation Network in November 2017.|dpn|    |    |1976 February 9|image/jpeg|Clingmans Dome|Thomas Divide|    |    |    |    |    |    |    |View of Clingman's Dome from the Thomas Divide Trail|3.2|http://www.loc.gov/mods/v3|http://www.w3.org/1999/xlink|http://www.w3.org/2001/XMLSchema-instance|http://www.loc.gov/mods/v3 http://www.loc.gov/standards/mods/v3/mods-3-2.xsd|Images in the collection are protected by copyright. Contact smokies@utk.edu for permission to reproduce images from the collection.|still image
2020-08-11T23:30:48Z|kintner_16|kintner|image|dct|3727-3729|issn|https://digital.lib.utk.edu/collections/islandora/object/kintner%3A16|object in context|primary display|https://digital.lib.utk.edu/collections/islandora/object/kintner%3A16/datastream/TN/view|preview|creator|text|Elgin P. Kintner, M.D.|From Cove Mountain Looking Southwest: Round Top and Townsend.|    |This object was added to the Digital Preservation Network in November 2017.|dpn|    |    |February 20, 1972|image/jpeg|Cove Mountain|Round Top|Townsend|    |    |    |    |    |    |Looking Southwest from Cove Mountain|3.2|http://www.loc.gov/mods/v3|http://www.w3.org/1999/xlink|http://www.w3.org/2001/XMLSchema-instance|http://www.loc.gov/mods/v3 http://www.loc.gov/standards/mods/v3/mods-3-2.xsd|Images in the collection are protected by copyright. Contact smokies@utk.edu for permission to reproduce images from the collection.|still image
2020-08-11T23:30:48Z|kintner_21|kintner|image|dct|5130-5135|issn|https://digital.lib.utk.edu/collections/islandora/object/kintner%3A21|object in context|primary display|https://digital.lib.utk.edu/collections/islandora/object/kintner%3A21/datastream/TN/view|preview|creator|text|Elgin P. Kintner, M.D.|uncaptioned|    |This object was added to the Digital Preservation Network in November 2017.|dpn|    |    |February 1973|image/jpeg|    |    |    |    |    |    |    |    |High Rocks|View from High Rocks|3.2|http://www.loc.gov/mods/v3|http://www.w3.org/1999/xlink|http://www.w3.org/2001/XMLSchema-instance|http://www.loc.gov/mods/v3 http://www.loc.gov/standards/mods/v3/mods-3-2.xsd|Images in the collection are protected by copyright. Contact smokies@utk.edu for permission to reproduce images from the collection.|still image
2020-08-11T23:30:48Z|kintner_35|kintner|image|dct|7731-7732-annotated|local|https://digital.lib.utk.edu/collections/islandora/object/kintner%3A35|object in context|primary display|https://digital.lib.utk.edu/collections/islandora/object/kintner%3A35/datastream/TN/view|preview|creator|text|Elgin P. Kintner, M.D.|A view of the AT to the east from Jumpoff|View looking East from the Jump-Off on Mount Kephart looking at Porters Mountain on left and Richland Mountain on right.|    |    |This object was added to the Digital Preservation Network in November 2017.|dpn|1975 July 23|image/jpeg|Appalachian Trail|The Jump-off|Mount Kephart|Porters Mountain|Richland Mountain|Annotated|    |    |    |View of the Appalachian Trail ? Annotated|3.2|http://www.loc.gov/mods/v3|http://www.w3.org/1999/xlink|http://www.w3.org/2001/XMLSchema-instance|http://www.loc.gov/mods/v3 http://www.loc.gov/standards/mods/v3/mods-3-2.xsd|Images in the collection are protected by copyright. Contact smokies@utk.edu for permission to reproduce images from the collection.|still image
2020-08-11T23:30:48Z|kintner_42|kintner|image|dct|7893-7894-annotated|local|https://digital.lib.utk.edu/collections/islandora/object/kintner%3A42|object in context|primary display|https://digital.lib.utk.edu/collections/islandora/object/kintner%3A42/datastream/TN/view|preview|creator|text|Elgin P. Kintner, M.D.|From Spruce Mtn tower looking to NW; LeConte, Porter Gap, Sequoyah, Chapman, Guyot - old Black|Panorama taken looking Northeast from the Spruce Mountain Fire Tower with Laurel Top at left and Old Black at right. Spruce Mountain Fire Tower is no longer standing.|    |    |This object was added to the Digital Preservation Network in November 2017.|dpn|1975 September 9|image/jpeg|Spruce Mountain|Mount Le Conte|Porters Gap|Mount Guyot|Mount Sequoyah|Mount Chapman|Old Black|Annotated|    |View from Spruce Mountain Tower ? Annotated|3.2|http://www.loc.gov/mods/v3|http://www.w3.org/1999/xlink|http://www.w3.org/2001/XMLSchema-instance|http://www.loc.gov/mods/v3 http://www.loc.gov/standards/mods/v3/mods-3-2.xsd|Images in the collection are protected by copyright. Contact smokies@utk.edu for permission to reproduce images from the collection.|still image
2020-08-11T23:30:48Z|kintner_44|kintner|image|dct|8069-8070|issn|https://digital.lib.utk.edu/collections/islandora/object/kintner%3A44|object in context|primary display|https://digital.lib.utk.edu/collections/islandora/object/kintner%3A44/datastream/TN/view|preview|creator|text|Elgin P. Kintner, M.D.|"(69) ""High Rocks and Welch Ridge south Silers Bald"" / ""On Oct 21?"" / (70) ""Forney Ridge in distance from Silers Bald"" / ""On Oct 21?"""|    |This object was added to the Digital Preservation Network in November 2017.|dpn|    |    |1975 Ocboter 21|image/jpeg|High Rocks|Welch Ridge|Silers Bald|Forney Ridge|    |    |    |    |    |High Rocks and Welch Ridge from south Silers Bald|3.2|http://www.loc.gov/mods/v3|http://www.w3.org/1999/xlink|http://www.w3.org/2001/XMLSchema-instance|http://www.loc.gov/mods/v3 http://www.loc.gov/standards/mods/v3/mods-3-2.xsd|Images in the collection are protected by copyright. Contact smokies@utk.edu for permission to reproduce images from the collection.|still image
2020-08-11T23:30:48Z|kintner_22|kintner|image|dct|5137-5138|issn|https://digital.lib.utk.edu/collections/islandora/object/kintner%3A22|object in context|primary display|https://digital.lib.utk.edu/collections/islandora/object/kintner%3A22/datastream/TN/view|preview|creator|text|Elgin P. Kintner, M.D.|uncaptioned|    |This object was added to the Digital Preservation Network in November 2017.|dpn|    |    |February 1973|image/jpeg|    |    |    |    |    |    |    |    |High Rocks|View from High Rocks|3.2|http://www.loc.gov/mods/v3|http://www.w3.org/1999/xlink|http://www.w3.org/2001/XMLSchema-instance|http://www.loc.gov/mods/v3 http://www.loc.gov/standards/mods/v3/mods-3-2.xsd|Images in the collection are protected by copyright. Contact smokies@utk.edu for permission to reproduce images from the collection.|still image
2020-08-11T23:30:48Z|kintner_51|kintner|image|dct|9630-9632|issn|https://digital.lib.utk.edu/collections/islandora/object/kintner%3A51|object in context|primary display|https://digital.lib.utk.edu/collections/islandora/object/kintner%3A51/datastream/TN/view|preview|creator|text|Elgin P. Kintner, M.D.|"Then as we looked to the north we saw the rest Slickrock valley and Chilhowees in distance. / ""9 Apr 1977?"""|    |This object was added to the Digital Preservation Network in November 2017.|dpn|    |    |1977 April 09|image/jpeg|    |    |    |    |    |    |    |    |    |Silkrock Valley and Chilhowees|3.2|http://www.loc.gov/mods/v3|http://www.w3.org/1999/xlink|http://www.w3.org/2001/XMLSchema-instance|http://www.loc.gov/mods/v3 http://www.loc.gov/standards/mods/v3/mods-3-2.xsd|Images in the collection are protected by copyright. Contact smokies@utk.edu for permission to reproduce images from the collection.|still image
2020-08-11T23:30:48Z|kintner_30|kintner|image|dct|6994-6995|issn|https://digital.lib.utk.edu/collections/islandora/object/kintner%3A30|object in context|primary display|https://digital.lib.utk.edu/collections/islandora/object/kintner%3A30/datastream/TN/view|preview|creator|text|Elgin P. Kintner, M.D.|Thermal inversion, 40 below and 55 on top, looking toward Le Conte.|    |This object was added to the Digital Preservation Network in November 2017.|dpn|    |    |December 26, 1974|image/jpeg|Cove Mountain|Mount Le Conte|    |    |    |    |    |    |    |Looking toward Mount Le Conte|3.2|http://www.loc.gov/mods/v3|http://www.w3.org/1999/xlink|http://www.w3.org/2001/XMLSchema-instance|http://www.loc.gov/mods/v3 http://www.loc.gov/standards/mods/v3/mods-3-2.xsd|Images in the collection are protected by copyright. Contact smokies@utk.edu for permission to reproduce images from the collection.|still image
2020-08-11T23:30:48Z|kintner_41|kintner|image|dct|7782-7783|issn|https://digital.lib.utk.edu/collections/islandora/object/kintner%3A41|object in context|primary display|https://digital.lib.utk.edu/collections/islandora/object/kintner%3A41/datastream/TN/view|preview|creator|text|Elgin P. Kintner, M.D.|"Fontana Village from Shuckstack / ""30 Jul?"""|    |This object was added to the Digital Preservation Network in November 2017.|dpn|    |    |1975 July 30|image/jpeg|Fontana Old Town|Shuckstack|    |    |    |    |    |    |    |View of Fontana Village|3.2|http://www.loc.gov/mods/v3|http://www.w3.org/1999/xlink|http://www.w3.org/2001/XMLSchema-instance|http://www.loc.gov/mods/v3 http://www.loc.gov/standards/mods/v3/mods-3-2.xsd|Images in the collection are protected by copyright. Contact smokies@utk.edu for permission to reproduce images from the collection.|still image
2020-08-11T23:30:48Z|kintner_9|kintner|image|dct|1552-1553-annotated|local|https://digital.lib.utk.edu/collections/islandora/object/kintner%3A9|object in context|primary display|https://digital.lib.utk.edu/collections/islandora/object/kintner%3A9/datastream/TN/view|preview|creator|text|Elgin P. Kintner, M.D.|uncaptioned|Panorama taken looking East from the Rich Mountain Fire Tower with Sugarland Mountain on left and Cold Spring Knob on right. The fire tower is no longer standing.|    |    |This object was added to the Digital Preservation Network in November 2017.|dpn|February 5, 1969|image/jpeg|Rich Mountain|Cold Spring Knob|Sugarland Mountain|Annotated|    |    |    |    |    |View from Rich Mountain ? Annotated|3.2|http://www.loc.gov/mods/v3|http://www.w3.org/1999/xlink|http://www.w3.org/2001/XMLSchema-instance|http://www.loc.gov/mods/v3 http://www.loc.gov/standards/mods/v3/mods-3-2.xsd|Images in the collection are protected by copyright. Contact smokies@utk.edu for permission to reproduce images from the collection.|still image
2020-08-11T23:30:48Z|kintner_31|kintner|image|dct|7110-7111|issn|https://digital.lib.utk.edu/collections/islandora/object/kintner%3A31|object in context|primary display|https://digital.lib.utk.edu/collections/islandora/object/kintner%3A31/datastream/TN/view|preview|creator|text|Elgin P. Kintner, M.D.|uncaptioned|View from Spence Field.|    |    |This object was added to the Digital Preservation Network in November 2017.|dpn|circa January 1975|image/jpeg|    |    |    |    |    |    |    |    |Spence Field|View from Spence Field|3.2|http://www.loc.gov/mods/v3|http://www.w3.org/1999/xlink|http://www.w3.org/2001/XMLSchema-instance|http://www.loc.gov/mods/v3 http://www.loc.gov/standards/mods/v3/mods-3-2.xsd|Images in the collection are protected by copyright. Contact smokies@utk.edu for permission to reproduce images from the collection.|still image
2020-08-11T23:30:48Z|kintner_20|kintner|image|dct|5123-5129|issn|https://digital.lib.utk.edu/collections/islandora/object/kintner%3A20|object in context|primary display|https://digital.lib.utk.edu/collections/islandora/object/kintner%3A20/datastream/TN/view|preview|creator|text|Elgin P. Kintner, M.D.|view from High Rocks.|Panorama taken looking North from High Rocks Fire Tower, which was removed in the 1980s, viewing Thunderhead of left,  with Silers Bald and The Narrows on right.|    |    |This object was added to the Digital Preservation Network in November 2017.|dpn|February 1973|image/jpeg|High Rocks|Thunderhead Mountain|Silers Bald|The Narrows|    |    |    |    |    |View from High Rocks|3.2|http://www.loc.gov/mods/v3|http://www.w3.org/1999/xlink|http://www.w3.org/2001/XMLSchema-instance|http://www.loc.gov/mods/v3 http://www.loc.gov/standards/mods/v3/mods-3-2.xsd|Images in the collection are protected by copyright. Contact smokies@utk.edu for permission to reproduce images from the collection.|still image
2020-08-11T23:30:48Z|kintner_27|kintner|image|dct|6265-6267-annotated|local|https://digital.lib.utk.edu/collections/islandora/object/kintner%3A27|object in context|primary display|https://digital.lib.utk.edu/collections/islandora/object/kintner%3A27/datastream/TN/view|preview|creator|text|Elgin P. Kintner, M.D.|Hike to Shuckstack where there was a little frost.|View of Lake Fontana taken looking Southeast from Shuckstack Fire Tower, which is still standing.|    |    |This object was added to the Digital Preservation Network in November 2017.|dpn|February 23, 1974|image/jpeg|Shuckstack|Fontana Lake|Annotated|    |    |    |    |    |    |Panorama of Lake Fontana ? Annotated|3.2|http://www.loc.gov/mods/v3|http://www.w3.org/1999/xlink|http://www.w3.org/2001/XMLSchema-instance|http://www.loc.gov/mods/v3 http://www.loc.gov/standards/mods/v3/mods-3-2.xsd|Images in the collection are protected by copyright. Contact smokies@utk.edu for permission to reproduce images from the collection.|still image
2020-08-11T23:30:48Z|kintner_46|kintner|image|dct|8186-8187|issn|https://digital.lib.utk.edu/collections/islandora/object/kintner%3A46|object in context|primary display|https://digital.lib.utk.edu/collections/islandora/object/kintner%3A46/datastream/TN/view|preview|creator|text|Elgin P. Kintner, M.D.|"Bryson City area from Noland Divide / ""On 6 Dec 1975 hiked Deep Creek & Noland Divide"""|    |This object was added to the Digital Preservation Network in November 2017.|dpn|    |    |1975 December 06|image/jpeg|Bryson City|Noland Divide|Deep Creek|    |    |    |    |    |    |View of Bryson City from Noland Divide|3.2|http://www.loc.gov/mods/v3|http://www.w3.org/1999/xlink|http://www.w3.org/2001/XMLSchema-instance|http://www.loc.gov/mods/v3 http://www.loc.gov/standards/mods/v3/mods-3-2.xsd|Images in the collection are protected by copyright. Contact smokies@utk.edu for permission to reproduce images from the collection.|still image
2020-08-11T23:30:48Z|kintner_28|kintner|image|dct|6265-6267|issn|https://digital.lib.utk.edu/collections/islandora/object/kintner%3A28|object in context|primary display|https://digital.lib.utk.edu/collections/islandora/object/kintner%3A28/datastream/TN/view|preview|creator|text|Elgin P. Kintner, M.D.|Hike to Shuckstack where there was a little frost.|View of Lake Fontana taken looking Southeast from Shuckstack Fire Tower, which is still standing.|    |    |This object was added to the Digital Preservation Network in November 2017.|dpn|February 23, 1974|image/jpeg|Shuckstack|Fontana Lake|    |    |    |    |    |    |    |Panorama of Lake Fontana|3.2|http://www.loc.gov/mods/v3|http://www.w3.org/1999/xlink|http://www.w3.org/2001/XMLSchema-instance|http://www.loc.gov/mods/v3 http://www.loc.gov/standards/mods/v3/mods-3-2.xsd|Images in the collection are protected by copyright. Contact smokies@utk.edu for permission to reproduce images from the collection.|still image
2020-08-11T23:30:48Z|kintner_2|kintner|image|dct|1118-1120|issn|https://digital.lib.utk.edu/collections/islandora/object/kintner%3A2|object in context|primary display|https://digital.lib.utk.edu/collections/islandora/object/kintner%3A2/datastream/TN/view|preview|creator|text|Elgin P. Kintner, M.D.|uncaptioned|    |This object was added to the Digital Preservation Network in November 2017.|dpn|    |    |July 1968|image/jpeg|    |    |    |    |    |    |    |    |    |Sunrise or Sunset in the Smokies|3.2|http://www.loc.gov/mods/v3|http://www.w3.org/1999/xlink|http://www.w3.org/2001/XMLSchema-instance|http://www.loc.gov/mods/v3 http://www.loc.gov/standards/mods/v3/mods-3-2.xsd|Images in the collection are protected by copyright. Contact smokies@utk.edu for permission to reproduce images from the collection.|still image
2020-08-11T23:30:48Z|kintner_11|kintner|image|dct|2041-2042|issn|https://digital.lib.utk.edu/collections/islandora/object/kintner%3A11|object in context|primary display|https://digital.lib.utk.edu/collections/islandora/object/kintner%3A11/datastream/TN/view|preview|creator|text|Elgin P. Kintner, M.D.|Ethel and I hiked up to Bunker Hill FireTower?The middle panorama is looking south east at the Smokies?|Panorama taken looking Southeast from Bunker Hill Fire Tower, which no longer exists.|    |    |This object was added to the Digital Preservation Network in November 2017.|dpn|November 8, 1969|image/jpeg|    |    |    |    |    |    |    |    |Bunker Hill|Panorama from Bunker Hill Fire Tower|3.2|http://www.loc.gov/mods/v3|http://www.w3.org/1999/xlink|http://www.w3.org/2001/XMLSchema-instance|http://www.loc.gov/mods/v3 http://www.loc.gov/standards/mods/v3/mods-3-2.xsd|Images in the collection are protected by copyright. Contact smokies@utk.edu for permission to reproduce images from the collection.|still image
2020-08-11T23:30:48Z|kintner_50|kintner|image|dct|9303-9305|issn|https://digital.lib.utk.edu/collections/islandora/object/kintner%3A50|object in context|primary display|https://digital.lib.utk.edu/collections/islandora/object/kintner%3A50/datastream/TN/view|preview|creator|text|Elgin P. Kintner, M.D.|"Unicoi Mountain Range from bald near Farr Gap / ""18 Dec 1976 hiked up Little Slickrock to Little Shuckstack and down Slickrock Creek"""|Part of 5 picture panorama viewing Unicoi Mountain Range from a bald near Farr Gap.|    |    |This object was added to the Digital Preservation Network in November 2017.|dpn|1976 December 18|image/jpeg|    |    |    |    |    |    |    |    |    |Unicoi Mountain Range|3.2|http://www.loc.gov/mods/v3|http://www.w3.org/1999/xlink|http://www.w3.org/2001/XMLSchema-instance|http://www.loc.gov/mods/v3 http://www.loc.gov/standards/mods/v3/mods-3-2.xsd|Images in the collection are protected by copyright. Contact smokies@utk.edu for permission to reproduce images from the collection.|still image
2020-08-11T23:30:48Z|kintner_7|kintner|image|dct|1549-1550-annotated|local|https://digital.lib.utk.edu/collections/islandora/object/kintner%3A7|object in context|primary display|https://digital.lib.utk.edu/collections/islandora/object/kintner%3A7/datastream/TN/view|preview|creator|text|Elgin P. Kintner, M.D.|uncaptioned|Panorama taken looking South from the Rich Mountain Fire Tower, which no longer exists, viewing Cold Spring Knob on left, Gregory Bald on right, and Cades Cove below.|    |    |This object was added to the Digital Preservation Network in November 2017.|dpn|circa February 5, 1969|image/jpeg|Rich Mountain|Cold Spring Knob|Gregory Bald|Cades Cove|Annotated|    |    |    |    |View from Rich Mountain ? Annotated|3.2|http://www.loc.gov/mods/v3|http://www.w3.org/1999/xlink|http://www.w3.org/2001/XMLSchema-instance|http://www.loc.gov/mods/v3 http://www.loc.gov/standards/mods/v3/mods-3-2.xsd|Images in the collection are protected by copyright. Contact smokies@utk.edu for permission to reproduce images from the collection.|still image
2020-08-11T23:30:48Z|kintner_36|kintner|image|dct|7731-7732|issn|https://digital.lib.utk.edu/collections/islandora/object/kintner%3A36|object in context|primary display|https://digital.lib.utk.edu/collections/islandora/object/kintner%3A36/datastream/TN/view|preview|creator|text|Elgin P. Kintner, M.D.|A view of the AT to the east from Jumpoff|View looking East from the Jump-Off on Mount Kephart looking at Porters Mountain on left and Richland Mountain on right.|    |    |This object was added to the Digital Preservation Network in November 2017.|dpn|1975 July 23|image/jpeg|Appalachian Trail|The Jump-off|Mount Kephart|Porters Mountain|Richland Mountain|    |    |    |    |View of the Appalachian Trail|3.2|http://www.loc.gov/mods/v3|http://www.w3.org/1999/xlink|http://www.w3.org/2001/XMLSchema-instance|http://www.loc.gov/mods/v3 http://www.loc.gov/standards/mods/v3/mods-3-2.xsd|Images in the collection are protected by copyright. Contact smokies@utk.edu for permission to reproduce images from the collection.|still image
2020-08-11T23:30:48Z|kintner_6|kintner|image|dct|1404-1409|issn|https://digital.lib.utk.edu/collections/islandora/object/kintner%3A6|object in context|primary display|https://digital.lib.utk.edu/collections/islandora/object/kintner%3A6/datastream/TN/view|preview|creator|text|Elgin P. Kintner, M.D.|uncaptioned|    |This object was added to the Digital Preservation Network in November 2017.|dpn|    |    |circa Fall 1968|image/jpeg|    |    |    |    |    |    |    |    |    |View of Mount Chapman|3.2|http://www.loc.gov/mods/v3|http://www.w3.org/1999/xlink|http://www.w3.org/2001/XMLSchema-instance|http://www.loc.gov/mods/v3 http://www.loc.gov/standards/mods/v3/mods-3-2.xsd|Images in the collection are protected by copyright. Contact smokies@utk.edu for permission to reproduce images from the collection.|still image
2020-08-11T23:30:48Z|kintner_53|kintner|image|dct|9991-9992|issn|https://digital.lib.utk.edu/collections/islandora/object/kintner%3A53|object in context|primary display|https://digital.lib.utk.edu/collections/islandora/object/kintner%3A53/datastream/TN/view|preview|creator|text|Elgin P. Kintner, M.D.|"The Big Pool before ascending the ridge / ""Laborday, 5 Sep 1977, on my 60th birthday we hiked up Raven Fork and Breakneck Ridge. The sun was just hitting the top along Straight Fork as we got to our trailhead."""|    |This object was added to the Digital Preservation Network in November 2017.|dpn|    |    |1977 September 05|image/jpeg|Raven Fork|Breakneck Ridge|    |    |    |    |    |    |    |The Big Pool|3.2|http://www.loc.gov/mods/v3|http://www.w3.org/1999/xlink|http://www.w3.org/2001/XMLSchema-instance|http://www.loc.gov/mods/v3 http://www.loc.gov/standards/mods/v3/mods-3-2.xsd|Images in the collection are protected by copyright. Contact smokies@utk.edu for permission to reproduce images from the collection.|still image
2020-08-11T23:30:48Z|kintner_14|kintner|image|dct|3714-3715-annotated|local|https://digital.lib.utk.edu/collections/islandora/object/kintner%3A14|object in context|primary display|https://digital.lib.utk.edu/collections/islandora/object/kintner%3A14/datastream/TN/view|preview|creator|text|Elgin P. Kintner, M.D.|From Cove Mountain Looking Southeast: Mt Collins, Clingmans Dome, and Mt Buckley.|Panorama taken looking Southeast from the Cove Mountain Fire Tower, which is still standing. Sugarland Mountain is in the middleground on the left with Bent Arm on the right.|    |    |This object was added to the Digital Preservation Network in November 2017.|dpn|February 20, 1972|image/jpeg|Cove Mountain|Mount Collins|Clingmans Dome|Mount Buckley|Annotated|    |    |    |    |Looking Southeast from Cove Mountain ? Annotated|3.2|http://www.loc.gov/mods/v3|http://www.w3.org/1999/xlink|http://www.w3.org/2001/XMLSchema-instance|http://www.loc.gov/mods/v3 http://www.loc.gov/standards/mods/v3/mods-3-2.xsd|Images in the collection are protected by copyright. Contact smokies@utk.edu for permission to reproduce images from the collection.|still image
2020-08-11T23:30:48Z|kintner_54|kintner|image|dct|1349-1351|issn|https://digital.lib.utk.edu/collections/islandora/object/kintner%3A54|object in context|primary display|https://digital.lib.utk.edu/collections/islandora/object/kintner%3A54/datastream/TN/view|preview|creator|text|Elgin P. Kintner, M.D.|uncaptioned|    |This object was added to the Digital Preservation Network in November 2017.|dpn|    |    |circa 1968|image/jpeg|    |    |    |    |    |    |    |    |    |Panorama taken from an unidentified fire tower|3.2|http://www.loc.gov/mods/v3|http://www.w3.org/1999/xlink|http://www.w3.org/2001/XMLSchema-instance|http://www.loc.gov/mods/v3 http://www.loc.gov/standards/mods/v3/mods-3-2.xsd|Images in the collection are protected by copyright. Contact smokies@utk.edu for permission to reproduce images from the collection.|still image
2020-08-11T23:30:48Z|kintner_8|kintner|image|dct|1549-1550|issn|https://digital.lib.utk.edu/collections/islandora/object/kintner%3A8|object in context|primary display|https://digital.lib.utk.edu/collections/islandora/object/kintner%3A8/datastream/TN/view|preview|creator|text|Elgin P. Kintner, M.D.|uncaptioned|Panorama taken looking South from the Rich Mountain Fire Tower, which no longer exists, viewing Cold Spring Knob on left, Gregory Bald on right, and Cades Cove below.|    |    |This object was added to the Digital Preservation Network in November 2017.|dpn|circa February 5, 1969|image/jpeg|Rich Mountain|Cold Spring Knob|Gregory Bald|Cades Cove|    |    |    |    |    |View from Rich Mountain|3.2|http://www.loc.gov/mods/v3|http://www.w3.org/1999/xlink|http://www.w3.org/2001/XMLSchema-instance|http://www.loc.gov/mods/v3 http://www.loc.gov/standards/mods/v3/mods-3-2.xsd|Images in the collection are protected by copyright. Contact smokies@utk.edu for permission to reproduce images from the collection.|still image
2020-08-11T23:30:48Z|kintner_37|kintner|image|dct|7744-7745-annotated|local|https://digital.lib.utk.edu/collections/islandora/object/kintner%3A37|object in context|primary display|https://digital.lib.utk.edu/collections/islandora/object/kintner%3A37/datastream/TN/view|preview|creator|text|Elgin P. Kintner, M.D.|From Richland Mtn to the east, Guyot in distance|View looking Northeast from Richland Mountains with The Sawteeth on left and Pecks Corner on right.|    |    |This object was added to the Digital Preservation Network in November 2017.|dpn|1975 July 23|image/jpeg|Richland Mountain|Mount Guyot|The Sawteeth|Pecks Corner|Annotated|    |    |    |    |View from Richland Mountain ? Annotated|3.2|http://www.loc.gov/mods/v3|http://www.w3.org/1999/xlink|http://www.w3.org/2001/XMLSchema-instance|http://www.loc.gov/mods/v3 http://www.loc.gov/standards/mods/v3/mods-3-2.xsd|Images in the collection are protected by copyright. Contact smokies@utk.edu for permission to reproduce images from the collection.|still image
2020-08-11T23:30:48Z|kintner_57|kintner|image|dct|6949-6951|issn|https://digital.lib.utk.edu/collections/islandora/object/kintner%3A57|object in context|primary display|https://digital.lib.utk.edu/collections/islandora/object/kintner%3A57/datastream/TN/view|preview|creator|text|Elgin P. Kintner, M.D.|Telephoto shot of Parson Bald from Gregory|Two frame telephoto panorama with a view of Parson Bald from Gregory Bald.|    |    |This object was added to the Digital Preservation Network in November 2017.|dpn|1974 December 10|image/jpeg|Parson Bald|Gregory Bald|    |    |    |    |    |    |    |Telephoto shot of Parson Bald|3.2|http://www.loc.gov/mods/v3|http://www.w3.org/1999/xlink|http://www.w3.org/2001/XMLSchema-instance|http://www.loc.gov/mods/v3 http://www.loc.gov/standards/mods/v3/mods-3-2.xsd|Images in the collection are protected by copyright. Contact smokies@utk.edu for permission to reproduce images from the collection.|still image
2020-08-11T23:30:48Z|kintner_33|kintner|image|dct|7255-7256|issn|https://digital.lib.utk.edu/collections/islandora/object/kintner%3A33|object in context|primary display|https://digital.lib.utk.edu/collections/islandora/object/kintner%3A33/datastream/TN/view|preview|creator|text|Elgin P. Kintner, M.D.|uncaptioned|Panorama of Cades Cove from Rich Mountain.|    |    |This object was added to the Digital Preservation Network in November 2017.|dpn|between January 9 and April 26, 1975|image/jpeg|    |    |    |    |    |    |    |    |Cades Cove|View of Cades Cove|3.2|http://www.loc.gov/mods/v3|http://www.w3.org/1999/xlink|http://www.w3.org/2001/XMLSchema-instance|http://www.loc.gov/mods/v3 http://www.loc.gov/standards/mods/v3/mods-3-2.xsd|Images in the collection are protected by copyright. Contact smokies@utk.edu for permission to reproduce images from the collection.|still image
2020-08-11T23:30:48Z|kintner_18|kintner|image|dct|5113-5117|issn|https://digital.lib.utk.edu/collections/islandora/object/kintner%3A18|object in context|primary display|https://digital.lib.utk.edu/collections/islandora/object/kintner%3A18/datastream/TN/view|preview|creator|text|Elgin P. Kintner, M.D.|view from High Rocks.|Panorama taken looking North from High Rocks Fire tower, which was removed in the 1980s, viewing Thunderhead on left and Clingmans Dome on right.|    |    |This object was added to the Digital Preservation Network in November 2017.|dpn|February 1973|image/jpeg|High Rocks|Thunderhead Mountain|Clingmans Dome|    |    |    |    |    |    |View of Thunderhead and Clingmans Dome from High Rocks|3.2|http://www.loc.gov/mods/v3|http://www.w3.org/1999/xlink|http://www.w3.org/2001/XMLSchema-instance|http://www.loc.gov/mods/v3 http://www.loc.gov/standards/mods/v3/mods-3-2.xsd|Images in the collection are protected by copyright. Contact smokies@utk.edu for permission to reproduce images from the collection.|still image
2020-08-11T23:30:48Z|kintner_24|kintner|image|dct|5141-5143|issn|https://digital.lib.utk.edu/collections/islandora/object/kintner%3A24|object in context|primary display|https://digital.lib.utk.edu/collections/islandora/object/kintner%3A24/datastream/TN/view|preview|creator|text|Elgin P. Kintner, M.D.|uncaptioned|    |This object was added to the Digital Preservation Network in November 2017.|dpn|    |    |February 1973|image/jpeg|    |    |    |    |    |    |    |    |High Rocks|View from High Rocks|3.2|http://www.loc.gov/mods/v3|http://www.w3.org/1999/xlink|http://www.w3.org/2001/XMLSchema-instance|http://www.loc.gov/mods/v3 http://www.loc.gov/standards/mods/v3/mods-3-2.xsd|Images in the collection are protected by copyright. Contact smokies@utk.edu for permission to reproduce images from the collection.|still image
2020-08-11T23:30:48Z|kintner_10|kintner|image|dct|1552-1553|issn|https://digital.lib.utk.edu/collections/islandora/object/kintner%3A10|object in context|primary display|https://digital.lib.utk.edu/collections/islandora/object/kintner%3A10/datastream/TN/view|preview|creator|text|Elgin P. Kintner, M.D.|uncaptioned|Panorama taken looking East from the Rich Mountain Fire Tower with Sugarland Mountain on left and Cold Spring Knob on right. The fire tower is no longer standing.|    |    |This object was added to the Digital Preservation Network in November 2017.|dpn|February 5, 1969|image/jpeg|Rich Mountain|Cold Spring Knob|Sugarland Mountain|    |    |    |    |    |    |View from Rich Mountain|3.2|http://www.loc.gov/mods/v3|http://www.w3.org/1999/xlink|http://www.w3.org/2001/XMLSchema-instance|http://www.loc.gov/mods/v3 http://www.loc.gov/standards/mods/v3/mods-3-2.xsd|Images in the collection are protected by copyright. Contact smokies@utk.edu for permission to reproduce images from the collection.|still image
2020-08-11T23:30:48Z|kintner_19|kintner|image|dct|5123-5129-annotated|local|https://digital.lib.utk.edu/collections/islandora/object/kintner%3A19|object in context|primary display|https://digital.lib.utk.edu/collections/islandora/object/kintner%3A19/datastream/TN/view|preview|creator|text|Elgin P. Kintner, M.D.|view from High Rocks.|Panorama taken looking North from High Rocks Fire Tower, which was removed in the 1980s, viewing Thunderhead of left,  with Silers Bald and The Narrows on right.|    |    |This object was added to the Digital Preservation Network in November 2017.|dpn|February 1973|image/jpeg|High Rocks|Thunderhead Mountain|Silers Bald|The Narrows|Annotated|    |    |    |    |View from High Rocks ? Annotated|3.2|http://www.loc.gov/mods/v3|http://www.w3.org/1999/xlink|http://www.w3.org/2001/XMLSchema-instance|http://www.loc.gov/mods/v3 http://www.loc.gov/standards/mods/v3/mods-3-2.xsd|Images in the collection are protected by copyright. Contact smokies@utk.edu for permission to reproduce images from the collection.|still image
2020-08-11T23:30:48Z|kintner_38|kintner|image|dct|7744-7745|issn|https://digital.lib.utk.edu/collections/islandora/object/kintner%3A38|object in context|primary display|https://digital.lib.utk.edu/collections/islandora/object/kintner%3A38/datastream/TN/view|preview|creator|text|Elgin P. Kintner, M.D.|From Richland Mtn to the east, Guyot in distance|View looking Northeast from Richland Mountains with The Sawteeth on left and Pecks Corner on right.|    |    |This object was added to the Digital Preservation Network in November 2017.|dpn|1975 July 23|image/jpeg|Richland Mountain|Mount Guyot|The Sawteeth|Pecks Corner|    |    |    |    |    |View from Richland Mountain|3.2|http://www.loc.gov/mods/v3|http://www.w3.org/1999/xlink|http://www.w3.org/2001/XMLSchema-instance|http://www.loc.gov/mods/v3 http://www.loc.gov/standards/mods/v3/mods-3-2.xsd|Images in the collection are protected by copyright. Contact smokies@utk.edu for permission to reproduce images from the collection.|still image
2020-08-11T23:30:48Z|kintner_32|kintner|image|dct|7253-7254|issn|https://digital.lib.utk.edu/collections/islandora/object/kintner%3A32|object in context|primary display|https://digital.lib.utk.edu/collections/islandora/object/kintner%3A32/datastream/TN/view|preview|creator|text|Elgin P. Kintner, M.D.|uncaptioned|A view along Maddron Bald hike of Mt. Le Conte or Snag Mountain.|    |    |This object was added to the Digital Preservation Network in November 2017.|dpn|circa January 1975|image/jpeg|    |    |    |    |    |    |    |    |Mount Le Conte|View along Maddron Bald hike|3.2|http://www.loc.gov/mods/v3|http://www.w3.org/1999/xlink|http://www.w3.org/2001/XMLSchema-instance|http://www.loc.gov/mods/v3 http://www.loc.gov/standards/mods/v3/mods-3-2.xsd|Images in the collection are protected by copyright. Contact smokies@utk.edu for permission to reproduce images from the collection.|still image
2020-08-11T23:30:48Z|kintner_43|kintner|image|dct|7893-7894|issn|https://digital.lib.utk.edu/collections/islandora/object/kintner%3A43|object in context|primary display|https://digital.lib.utk.edu/collections/islandora/object/kintner%3A43/datastream/TN/view|preview|creator|text|Elgin P. Kintner, M.D.|From Spruce Mtn tower looking to NW; LeConte, Porter Gap, Sequoyah, Chapman, Guyot - old Black|Panorama taken looking Northeast from the Spruce Mountain Fire Tower with Laurel Top at left and Old Black at right. Spruce Mountain Fire Tower is no longer standing.|    |    |This object was added to the Digital Preservation Network in November 2017.|dpn|1975 September 9|image/jpeg|Spruce Mountain|Mount Le Conte|Porters Gap|Mount Guyot|Mount Sequoyah|Mount Chapman|Old Black|    |    |View from Spruce Mountain Tower|3.2|http://www.loc.gov/mods/v3|http://www.w3.org/1999/xlink|http://www.w3.org/2001/XMLSchema-instance|http://www.loc.gov/mods/v3 http://www.loc.gov/standards/mods/v3/mods-3-2.xsd|Images in the collection are protected by copyright. Contact smokies@utk.edu for permission to reproduce images from the collection.|still image
2020-08-11T23:30:48Z|kintner_3|kintner|image|dct|1352-1355|issn|https://digital.lib.utk.edu/collections/islandora/object/kintner%3A3|object in context|primary display|https://digital.lib.utk.edu/collections/islandora/object/kintner%3A3/datastream/TN/view|preview|creator|text|Elgin P. Kintner, M.D.|uncaptioned|    |This object was added to the Digital Preservation Network in November 2017.|dpn|    |    |circa 1968|image/jpeg|    |    |    |    |    |    |    |    |    |Panorama taken from an unidentified fire tower|3.2|http://www.loc.gov/mods/v3|http://www.w3.org/1999/xlink|http://www.w3.org/2001/XMLSchema-instance|http://www.loc.gov/mods/v3 http://www.loc.gov/standards/mods/v3/mods-3-2.xsd|Images in the collection are protected by copyright. Contact smokies@utk.edu for permission to reproduce images from the collection.|still image
2020-08-11T23:30:48Z|kintner_48|kintner|image|dct|8840-8842|issn|https://digital.lib.utk.edu/collections/islandora/object/kintner%3A48|object in context|primary display|https://digital.lib.utk.edu/collections/islandora/object/kintner%3A48/datastream/TN/view|preview|creator|text|Elgin P. Kintner, M.D.|"""The valley we just came up"" / ""24 Feb 76 Cosby to Low Gap to Walnut Botm."""|    |This object was added to the Digital Preservation Network in November 2017.|dpn|    |    |1976 February 24|image/jpeg|Walnut Bottom|Cosby|Low Gap|    |    |    |    |    |    |View of Walnut Bottom, Cosby,and  Low Gap|3.2|http://www.loc.gov/mods/v3|http://www.w3.org/1999/xlink|http://www.w3.org/2001/XMLSchema-instance|http://www.loc.gov/mods/v3 http://www.loc.gov/standards/mods/v3/mods-3-2.xsd|Images in the collection are protected by copyright. Contact smokies@utk.edu for permission to reproduce images from the collection.|still image
2020-08-11T23:30:48Z|kintner_15|kintner|image|dct|3714-3715|issn|https://digital.lib.utk.edu/collections/islandora/object/kintner%3A15|object in context|primary display|https://digital.lib.utk.edu/collections/islandora/object/kintner%3A15/datastream/TN/view|preview|creator|text|Elgin P. Kintner, M.D.|From Cove Mountain Looking Southeast: Mt Collins, Clingmans Dome, and Mt Buckley.|Panorama taken looking Southeast from the Cove Mountain Fire Tower, which is still standing. Sugarland Mountain is in the middleground on the left with Bent Arm on the right.|    |    |This object was added to the Digital Preservation Network in November 2017.|dpn|February 20, 1972|image/jpeg|Cove Mountain|Mount Collins|Clingmans Dome|Mount Buckley|    |    |    |    |    |Looking Southeast from Cove Mountain|3.2|http://www.loc.gov/mods/v3|http://www.w3.org/1999/xlink|http://www.w3.org/2001/XMLSchema-instance|http://www.loc.gov/mods/v3 http://www.loc.gov/standards/mods/v3/mods-3-2.xsd|Images in the collection are protected by copyright. Contact smokies@utk.edu for permission to reproduce images from the collection.|still image
2020-08-11T23:30:48Z|kintner_23|kintner|image|dct|5139-5140|issn|https://digital.lib.utk.edu/collections/islandora/object/kintner%3A23|object in context|primary display|https://digital.lib.utk.edu/collections/islandora/object/kintner%3A23/datastream/TN/view|preview|creator|text|Elgin P. Kintner, M.D.|uncaptioned|    |This object was added to the Digital Preservation Network in November 2017.|dpn|    |    |February 1973|image/jpeg|    |    |    |    |    |    |    |    |High Rocks|View from High Rocks|3.2|http://www.loc.gov/mods/v3|http://www.w3.org/1999/xlink|http://www.w3.org/2001/XMLSchema-instance|http://www.loc.gov/mods/v3 http://www.loc.gov/standards/mods/v3/mods-3-2.xsd|Images in the collection are protected by copyright. Contact smokies@utk.edu for permission to reproduce images from the collection.|still image
2020-08-11T23:30:48Z|kintner_45|kintner|image|dct|8171-8172|issn|https://digital.lib.utk.edu/collections/islandora/object/kintner%3A45|object in context|primary display|https://digital.lib.utk.edu/collections/islandora/object/kintner%3A45/datastream/TN/view|preview|creator|text|Elgin P. Kintner, M.D.|"Cades Cove from loop Tr / ""1 Dec 1975 a loop trail hike of Rich Mountain"""|    |This object was added to the Digital Preservation Network in November 2017.|dpn|    |    |1975 December 01|image/jpeg|Cades Cove|Rich Mountain|    |    |    |    |    |    |    |Cades Cove Loop|3.2|http://www.loc.gov/mods/v3|http://www.w3.org/1999/xlink|http://www.w3.org/2001/XMLSchema-instance|http://www.loc.gov/mods/v3 http://www.loc.gov/standards/mods/v3/mods-3-2.xsd|Images in the collection are protected by copyright. Contact smokies@utk.edu for permission to reproduce images from the collection.|still image
2020-08-11T23:30:48Z|kintner_1|kintner|image|dct|10033-10034|local|https://digital.lib.utk.edu/collections/islandora/object/kintner%3A1|object in context|primary display|https://digital.lib.utk.edu/collections/islandora/object/kintner%3A1/datastream/TN/view|preview|creator|text|Elgin P. Kintner, M.D.|"""This view greeted us on Myrtle Point. Newfound Gap on left center and Clingman's Dome on the right."" / ""On 28 Sep 1977 we drove to Newfound Gap with low clouds hanging over Mt Leconte."""|    |This object was added to the Digital Preservation Network in November 2017.|dpn|    |    |1977 September 28|image/jpeg|Myrtle Point|Newfound Gap|Clingmans Dome|Mount Le Conte|    |    |    |    |    |View from Myrtle Point|3.2|http://www.loc.gov/mods/v3|http://www.w3.org/1999/xlink|http://www.w3.org/2001/XMLSchema-instance|http://www.loc.gov/mods/v3 http://www.loc.gov/standards/mods/v3/mods-3-2.xsd|Images in the collection are protected by copyright. Contact smokies@utk.edu for permission to reproduce images from the collection.|still image
2020-08-11T23:30:48Z|kintner_49|kintner|image|dct|8841-8842|issn|https://digital.lib.utk.edu/collections/islandora/object/kintner%3A49|object in context|primary display|https://digital.lib.utk.edu/collections/islandora/object/kintner%3A49/datastream/TN/view|preview|creator|text|Elgin P. Kintner, M.D.|"View from Hemphill bald. / 19 Jul 1976 W Brinegar and M Stevenson and I hiked from Paul's gap into Cataloochee valley."""|    |This object was added to the Digital Preservation Network in November 2017.|dpn|    |    |1976 July 19|image/jpeg|    |    |    |    |    |    |    |    |Hemphill Bald|View from Hemphill bald|3.2|http://www.loc.gov/mods/v3|http://www.w3.org/1999/xlink|http://www.w3.org/2001/XMLSchema-instance|http://www.loc.gov/mods/v3 http://www.loc.gov/standards/mods/v3/mods-3-2.xsd|Images in the collection are protected by copyright. Contact smokies@utk.edu for permission to reproduce images from the collection.|still image
2020-08-11T23:30:48Z|kintner_40|kintner|image|dct|7768-7769|issn|https://digital.lib.utk.edu/collections/islandora/object/kintner%3A40|object in context|primary display|https://digital.lib.utk.edu/collections/islandora/object/kintner%3A40/datastream/TN/view|preview|creator|text|Elgin P. Kintner, M.D.|Panorama: From High Rocks to Fontana Lake|    |This object was added to the Digital Preservation Network in November 2017.|dpn|    |    |1975 July 30|image/jpeg|High Rocks|Fontana Lake|    |    |    |    |    |    |    |Panorama from High Rocks to Fontana Lake|3.2|http://www.loc.gov/mods/v3|http://www.w3.org/1999/xlink|http://www.w3.org/2001/XMLSchema-instance|http://www.loc.gov/mods/v3 http://www.loc.gov/standards/mods/v3/mods-3-2.xsd|Images in the collection are protected by copyright. Contact smokies@utk.edu for permission to reproduce images from the collection.|still image
2020-08-11T23:30:48Z|kintner_25|kintner|image|dct|6255-6257|issn|https://digital.lib.utk.edu/collections/islandora/object/kintner%3A25|object in context|primary display|https://digital.lib.utk.edu/collections/islandora/object/kintner%3A25/datastream/TN/view|preview|creator|text|Elgin P. Kintner, M.D.|Hike to Shuckstack where there was a little frost.|Panorama taken looking West from the Shuckstack Fire Tower of the Little Shuckstack and Lake Fontana to the right.|    |    |This object was added to the Digital Preservation Network in November 2017.|dpn|February 23, 1974|image/jpeg|Shuckstack|Fontana Lake|Snow and ice|    |    |    |    |    |    |View of Little Shuckstack|3.2|http://www.loc.gov/mods/v3|http://www.w3.org/1999/xlink|http://www.w3.org/2001/XMLSchema-instance|http://www.loc.gov/mods/v3 http://www.loc.gov/standards/mods/v3/mods-3-2.xsd|Images in the collection are protected by copyright. Contact smokies@utk.edu for permission to reproduce images from the collection.|still image
2020-08-11T23:30:48Z|kintner_52|kintner|image|dct|9728-9729|issn|https://digital.lib.utk.edu/collections/islandora/object/kintner%3A52|object in context|primary display|https://digital.lib.utk.edu/collections/islandora/object/kintner%3A52/datastream/TN/view|preview|creator|text|Elgin P. Kintner, M.D.|"On Happy Valley road near Foothill Pkw / ""14 May 1977 L Webb, R Collins, M Stevenson on trail to Stratton Bald from Joyce Kilmer"""|    |This object was added to the Digital Preservation Network in November 2017.|dpn|    |    |1977 May 14|image/jpeg|    |    |    |    |    |    |    |    |Happy Valley|Happy Valley Road near the Foothills Parkway|3.2|http://www.loc.gov/mods/v3|http://www.w3.org/1999/xlink|http://www.w3.org/2001/XMLSchema-instance|http://www.loc.gov/mods/v3 http://www.loc.gov/standards/mods/v3/mods-3-2.xsd|Images in the collection are protected by copyright. Contact smokies@utk.edu for permission to reproduce images from the collection.|still image
2020-08-11T23:30:48Z|kintner_17|kintner|image|dct|5113-5117-annotated|local|https://digital.lib.utk.edu/collections/islandora/object/kintner%3A17|object in context|primary display|https://digital.lib.utk.edu/collections/islandora/object/kintner%3A17/datastream/TN/view|preview|creator|text|Elgin P. Kintner, M.D.|view from High Rocks.|Panorama taken looking North from High Rocks Fire tower, which was removed in the 1980s, viewing Thunderhead on left and Clingmans Dome on right.|    |    |This object was added to the Digital Preservation Network in November 2017.|dpn|February 1973|image/jpeg|High Rocks|Thunderhead Mountain|Clingmans Dome|Annotated|    |    |    |    |    |View of Thunderhead and Clingmans Dome from High Rocks ? Annotated|3.2|http://www.loc.gov/mods/v3|http://www.w3.org/1999/xlink|http://www.w3.org/2001/XMLSchema-instance|http://www.loc.gov/mods/v3 http://www.loc.gov/standards/mods/v3/mods-3-2.xsd|Images in the collection are protected by copyright. Contact smokies@utk.edu for permission to reproduce images from the collection.|still image
